<?xml version="1.0" encoding="UTF-8"?>
<root>
  <item name="com.google.firebase.remoteconfig.RemoteConfigConstants.ExperimentDescriptionFieldKey">
    <annotation name="androidx.annotation.StringDef">
      <val name="value" val="{com.google.firebase.remoteconfig.RemoteConfigConstants.ExperimentDescriptionFieldKey.EXPERIMENT_ID, com.google.firebase.remoteconfig.RemoteConfigConstants.ExperimentDescriptionFieldKey.VARIANT_ID}" />
    </annotation>
  </item>
  <item name="com.google.firebase.remoteconfig.RemoteConfigConstants.RequestFieldKey">
    <annotation name="androidx.annotation.StringDef">
      <val name="value" val="{com.google.firebase.remoteconfig.RemoteConfigConstants.RequestFieldKey.INSTANCE_ID, com.google.firebase.remoteconfig.RemoteConfigConstants.RequestFieldKey.INSTANCE_ID_TOKEN, com.google.firebase.remoteconfig.RemoteConfigConstants.RequestFieldKey.APP_ID, com.google.firebase.remoteconfig.RemoteConfigConstants.RequestFieldKey.COUNTRY_CODE, com.google.firebase.remoteconfig.RemoteConfigConstants.RequestFieldKey.LANGUAGE_CODE, com.google.firebase.remoteconfig.RemoteConfigConstants.RequestFieldKey.PLATFORM_VERSION, com.google.firebase.remoteconfig.RemoteConfigConstants.RequestFieldKey.TIME_ZONE, com.google.firebase.remoteconfig.RemoteConfigConstants.RequestFieldKey.APP_BUILD, com.google.firebase.remoteconfig.RemoteConfigConstants.RequestFieldKey.APP_VERSION, com.google.firebase.remoteconfig.RemoteConfigConstants.RequestFieldKey.PACKAGE_NAME, com.google.firebase.remoteconfig.RemoteConfigConstants.RequestFieldKey.SDK_VERSION, com.google.firebase.remoteconfig.RemoteConfigConstants.RequestFieldKey.ANALYTICS_USER_PROPERTIES, com.google.firebase.remoteconfig.RemoteConfigConstants.RequestFieldKey.FIRST_OPEN_TIME}" />
    </annotation>
  </item>
  <item name="com.google.firebase.remoteconfig.RemoteConfigConstants.ResponseFieldKey">
    <annotation name="androidx.annotation.StringDef">
      <val name="value" val="{com.google.firebase.remoteconfig.RemoteConfigConstants.ResponseFieldKey.ENTRIES, com.google.firebase.remoteconfig.RemoteConfigConstants.ResponseFieldKey.EXPERIMENT_DESCRIPTIONS, com.google.firebase.remoteconfig.RemoteConfigConstants.ResponseFieldKey.PERSONALIZATION_METADATA, com.google.firebase.remoteconfig.RemoteConfigConstants.ResponseFieldKey.STATE, com.google.firebase.remoteconfig.RemoteConfigConstants.ResponseFieldKey.TEMPLATE_VERSION_NUMBER}" />
    </annotation>
  </item>
</root>

