<?xml version="1.0" encoding="UTF-8"?>
<root>
  <item name="com.google.firebase.remoteconfig.internal.Code">
    <annotation name="androidx.annotation.IntDef">
      <val name="value" val="{com.google.firebase.remoteconfig.internal.Code.OK, com.google.firebase.remoteconfig.internal.Code.CANCELLED, com.google.firebase.remoteconfig.internal.Code.UNKNOWN, com.google.firebase.remoteconfig.internal.Code.INVALID_ARGUMENT, com.google.firebase.remoteconfig.internal.Code.DEADLINE_EXCEEDED, com.google.firebase.remoteconfig.internal.Code.NOT_FOUND, com.google.firebase.remoteconfig.internal.Code.ALREADY_EXISTS, com.google.firebase.remoteconfig.internal.Code.PERMISSION_DENIED, com.google.firebase.remoteconfig.internal.Code.UNAUTHENTICATED, com.google.firebase.remoteconfig.internal.Code.RESOURCE_EXHAUSTED, com.google.firebase.remoteconfig.internal.Code.FAILED_PRECONDITION, com.google.firebase.remoteconfig.internal.Code.ABORTED, com.google.firebase.remoteconfig.internal.Code.OUT_OF_RANGE, com.google.firebase.remoteconfig.internal.Code.UNIMPLEMENTED, com.google.firebase.remoteconfig.internal.Code.INTERNAL, com.google.firebase.remoteconfig.internal.Code.UNAVAILABLE, com.google.firebase.remoteconfig.internal.Code.DATA_LOSS}" />
    </annotation>
  </item>
  <item name="com.google.firebase.remoteconfig.internal.ConfigFetchHandler.FetchResponse FetchResponse(java.util.Date, int, com.google.firebase.remoteconfig.internal.ConfigContainer, java.lang.String) 1">
    <annotation name="androidx.annotation.IntDef">
      <val name="value" val="{com.google.firebase.remoteconfig.internal.ConfigFetchHandler.FetchResponse.Status.BACKEND_UPDATES_FETCHED, com.google.firebase.remoteconfig.internal.ConfigFetchHandler.FetchResponse.Status.BACKEND_HAS_NO_UPDATES, com.google.firebase.remoteconfig.internal.ConfigFetchHandler.FetchResponse.Status.LOCAL_STORAGE_USED}" />
    </annotation>
  </item>
  <item name="com.google.firebase.remoteconfig.internal.ConfigFetchHandler.FetchResponse int getStatus()">
    <annotation name="androidx.annotation.IntDef">
      <val name="value" val="{com.google.firebase.remoteconfig.internal.ConfigFetchHandler.FetchResponse.Status.BACKEND_UPDATES_FETCHED, com.google.firebase.remoteconfig.internal.ConfigFetchHandler.FetchResponse.Status.BACKEND_HAS_NO_UPDATES, com.google.firebase.remoteconfig.internal.ConfigFetchHandler.FetchResponse.Status.LOCAL_STORAGE_USED}" />
    </annotation>
  </item>
  <item name="com.google.firebase.remoteconfig.internal.ConfigFetchHandler.FetchResponse status">
    <annotation name="androidx.annotation.IntDef">
      <val name="value" val="{com.google.firebase.remoteconfig.internal.ConfigFetchHandler.FetchResponse.Status.BACKEND_UPDATES_FETCHED, com.google.firebase.remoteconfig.internal.ConfigFetchHandler.FetchResponse.Status.BACKEND_HAS_NO_UPDATES, com.google.firebase.remoteconfig.internal.ConfigFetchHandler.FetchResponse.Status.LOCAL_STORAGE_USED}" />
    </annotation>
  </item>
  <item name="com.google.firebase.remoteconfig.internal.ConfigFetchHandler.FetchResponse.Status">
    <annotation name="androidx.annotation.IntDef">
      <val name="value" val="{com.google.firebase.remoteconfig.internal.ConfigFetchHandler.FetchResponse.Status.BACKEND_UPDATES_FETCHED, com.google.firebase.remoteconfig.internal.ConfigFetchHandler.FetchResponse.Status.BACKEND_HAS_NO_UPDATES, com.google.firebase.remoteconfig.internal.ConfigFetchHandler.FetchResponse.Status.LOCAL_STORAGE_USED}" />
    </annotation>
  </item>
  <item name="com.google.firebase.remoteconfig.internal.ConfigMetadataClient int getLastFetchStatus()">
    <annotation name="androidx.annotation.IntDef">
      <val name="value" val="{com.google.firebase.remoteconfig.FirebaseRemoteConfig.LAST_FETCH_STATUS_SUCCESS, com.google.firebase.remoteconfig.FirebaseRemoteConfig.LAST_FETCH_STATUS_NO_FETCH_YET, com.google.firebase.remoteconfig.FirebaseRemoteConfig.LAST_FETCH_STATUS_FAILURE, com.google.firebase.remoteconfig.FirebaseRemoteConfig.LAST_FETCH_STATUS_THROTTLED}" />
    </annotation>
  </item>
  <item name="com.google.firebase.remoteconfig.internal.FirebaseRemoteConfigInfoImpl lastFetchStatus">
    <annotation name="androidx.annotation.IntDef">
      <val name="value" val="{com.google.firebase.remoteconfig.FirebaseRemoteConfig.LAST_FETCH_STATUS_SUCCESS, com.google.firebase.remoteconfig.FirebaseRemoteConfig.LAST_FETCH_STATUS_NO_FETCH_YET, com.google.firebase.remoteconfig.FirebaseRemoteConfig.LAST_FETCH_STATUS_FAILURE, com.google.firebase.remoteconfig.FirebaseRemoteConfig.LAST_FETCH_STATUS_THROTTLED}" />
    </annotation>
  </item>
  <item name="com.google.firebase.remoteconfig.internal.FirebaseRemoteConfigInfoImpl.Builder builderLastFetchStatus">
    <annotation name="androidx.annotation.IntDef">
      <val name="value" val="{com.google.firebase.remoteconfig.FirebaseRemoteConfig.LAST_FETCH_STATUS_SUCCESS, com.google.firebase.remoteconfig.FirebaseRemoteConfig.LAST_FETCH_STATUS_NO_FETCH_YET, com.google.firebase.remoteconfig.FirebaseRemoteConfig.LAST_FETCH_STATUS_FAILURE, com.google.firebase.remoteconfig.FirebaseRemoteConfig.LAST_FETCH_STATUS_THROTTLED}" />
    </annotation>
  </item>
  <item name="com.google.firebase.remoteconfig.internal.FirebaseRemoteConfigInfoImpl.Builder com.google.firebase.remoteconfig.internal.FirebaseRemoteConfigInfoImpl.Builder withLastFetchStatus(int) 0">
    <annotation name="androidx.annotation.IntDef">
      <val name="value" val="{com.google.firebase.remoteconfig.FirebaseRemoteConfig.LAST_FETCH_STATUS_SUCCESS, com.google.firebase.remoteconfig.FirebaseRemoteConfig.LAST_FETCH_STATUS_NO_FETCH_YET, com.google.firebase.remoteconfig.FirebaseRemoteConfig.LAST_FETCH_STATUS_FAILURE, com.google.firebase.remoteconfig.FirebaseRemoteConfig.LAST_FETCH_STATUS_THROTTLED}" />
    </annotation>
  </item>
</root>

